{"cameraMode":{"drawMode":0,"name":"Shaded","section":"Shading Mode"},"sceneLighting":false,"audioPlay":false,"sceneViewState":{"m_AlwaysRefresh":false,"showFog":true,"showSkybox":false,"showFlares":true,"showImageEffects":true,"showParticleSystems":true,"showVisualEffectGraphs":true,"m_FxEnabled":true},"in2DMode":false,"pivot":{"x":0.06165793538093567,"y":0.9948974847793579,"z":-0.10345566272735596},"rotation":{"x":-0.35575905442237856,"y":-0.16582587361335755,"z":0.0643119141459465,"w":-0.9175053834915161},"size":2.1733405590057375,"orthographic":false}